{"cameraMode":{"drawMode":0,"name":"Shaded","section":"Shading Mode"},"sceneLighting":false,"audioPlay":false,"sceneViewState":{"showFog":true,"showMaterialUpdate":false,"showSkybox":false,"showFlares":true,"showImageEffects":true,"showParticleSystems":true,"showVisualEffectGraphs":true,"m_FxEnabled":true},"in2DMode":false,"pivot":{"x":-0.18510550260543824,"y":2.262235641479492,"z":-0.5494415760040283},"rotation":{"x":-0.10560312867164612,"y":0.8662514090538025,"z":-0.20676912367343903,"w":-0.44242602586746218},"size":1.3709913492202759,"orthographic":false}